{
  "posts": [
    {
      "nameProd": "0",
      "quanProd": "0 KG",
      "purchDate": "",
      "priceEUR": 0,
      "priceUSD": 0,
      "priceBYN": "30",
      "currency": "BYN",
      "notice": {},
      "id": 4
    },
    {
      "nameProd": "0",
      "quanProd": "0 KG",
      "purchDate": "",
      "priceEUR": 0,
      "priceUSD": 0,
      "priceBYN": "30",
      "currency": "BYN",
      "notice": {},
      "id": 5
    },
    {
      "categoryName": "Food",
      "nameProd": "",
      "quanProd": "0 KG",
      "purchDate": "",
      "priceEUR": "30",
      "priceUSD": 0,
      "priceBYN": 0,
      "currency": "EUR",
      "notice": "",
      "id": 6
    },
    {
      "categoryName": "Care",
      "nameProd": "",
      "quanProd": "0 KG",
      "purchDate": "",
      "priceEUR": "100",
      "priceUSD": 0,
      "priceBYN": 0,
      "currency": "EUR",
      "notice": "",
      "id": 7
    },
    {
      "categoryName": "Communication",
      "nameProd": "",
      "quanProd": "0 KG",
      "purchDate": "",
      "priceEUR": 0,
      "priceUSD": 0,
      "priceBYN": "50",
      "currency": "BYN",
      "notice": "",
      "id": 8
    },
    {
      "categoryName": "Food",
      "nameProd": "",
      "quanProd": "0 KG",
      "purchDate": "",
      "priceEUR": "555",
      "priceUSD": 0,
      "priceBYN": 0,
      "currency": "EUR",
      "notice": "",
      "id": 9
    },
    {
      "categoryName": "Food",
      "nameProd": "",
      "quanProd": "0 KG",
      "purchDate": "",
      "priceEUR": "13",
      "priceUSD": 0,
      "priceBYN": 0,
      "currency": "EUR",
      "notice": "",
      "id": 10
    },
    {
      "categoryName": "Food",
      "nameProd": "",
      "quanProd": "0 KG",
      "purchDate": "",
      "priceEUR": "13",
      "priceUSD": 0,
      "priceBYN": 0,
      "currency": "EUR",
      "notice": "",
      "id": 11
    },
    {
      "categoryName": "Entertainment",
      "nameProd": "",
      "quanProd": "0 KG",
      "purchDate": "",
      "priceEUR": "33",
      "priceUSD": 0,
      "priceBYN": 0,
      "currency": "EUR",
      "notice": "",
      "id": 12
    },
    {
      "categoryName": "Food",
      "nameProd": "",
      "quanProd": "0 KG",
      "purchDate": "",
      "priceEUR": 0,
      "priceUSD": 0,
      "priceBYN": "100",
      "currency": "BYN",
      "notice": "",
      "id": 13
    },
    {
      "categoryName": "Food",
      "nameProd": "",
      "quanProd": "0 KG",
      "purchDate": "",
      "priceEUR": 0,
      "priceUSD": "50",
      "priceBYN": 0,
      "currency": "USD",
      "notice": "",
      "id": 14
    },
    {
      "categoryName": "Clothes",
      "nameProd": "Milk",
      "quanProd": "2 LITER",
      "purchDate": "2022-07-07",
      "priceEUR": 0,
      "priceUSD": 0,
      "priceBYN": "3",
      "currency": "BYN",
      "notice": "",
      "id": 15
    },
    {
      "categoryName": "Food",
      "nameProd": "",
      "quanProd": "0 KG",
      "purchDate": "",
      "priceEUR": "19",
      "priceUSD": 0,
      "priceBYN": 0,
      "currency": "EUR",
      "notice": "",
      "id": 16
    },
    {
      "categoryName": "Food",
      "nameProd": "",
      "quanProd": "0 KG",
      "purchDate": "",
      "priceEUR": "20",
      "priceUSD": 0,
      "priceBYN": 0,
      "currency": "EUR",
      "notice": "",
      "id": 17
    },
    {
      "categoryName": "Food",
      "nameProd": "Apple",
      "quanProd": "2 KG",
      "purchDate": "2022-07-05",
      "priceEUR": 0,
      "priceUSD": 0,
      "priceBYN": "10",
      "currency": "BYN",
      "notice": "",
      "id": 18
    },
    {
      "categoryName": "Food",
      "nameProd": "",
      "quanProd": "0 KG",
      "purchDate": "",
      "priceEUR": 0,
      "priceUSD": 0,
      "priceBYN": "20",
      "currency": "BYN",
      "notice": "",
      "id": 19
    },
    {
      "categoryName": "Food",
      "nameProd": "",
      "quanProd": "0 KG",
      "purchDate": "",
      "priceEUR": 0,
      "priceUSD": 0,
      "priceBYN": "20",
      "currency": "BYN",
      "notice": "",
      "id": 20
    },
    {
      "categoryName": "Transport",
      "nameProd": "",
      "quanProd": "0 KG",
      "purchDate": "",
      "priceEUR": "100",
      "priceUSD": 0,
      "priceBYN": 0,
      "currency": "EUR",
      "notice": "",
      "id": 21
    },
    {
      "categoryName": "Food",
      "nameProd": "",
      "quanProd": "0 KG",
      "purchDate": "",
      "priceEUR": "10",
      "priceUSD": 0,
      "priceBYN": 0,
      "currency": "EUR",
      "notice": "",
      "id": 22
    },
    {
      "categoryName": "Food",
      "nameProd": "Milk",
      "quanProd": "2 LITER",
      "purchDate": "2022-07-04",
      "priceEUR": 0,
      "priceUSD": 0,
      "priceBYN": "10",
      "currency": "BYN",
      "notice": "",
      "id": 23
    },
    {
      "categoryName": "Clothes",
      "nameProd": "",
      "quanProd": "0 KG",
      "purchDate": "",
      "priceEUR": 0,
      "priceUSD": 0,
      "priceBYN": "10",
      "currency": "BYN",
      "notice": "",
      "id": 24
    }
  ],
  "comments": [
    {
      "nameUser": "admin",
      "passsword": "123",
      "incomeEUR": "10",
      "incomeUSD": 0,
      "incomeBYN": 0,
      "currency": "EUR",
      "id": 1
    },
    {
      "nameUser": "admin",
      "passsword": "123",
      "incomeEUR": 0,
      "incomeUSD": "20",
      "incomeBYN": 0,
      "currency": "USD",
      "id": 2
    },
    {
      "nameUser": "admin",
      "passsword": "123",
      "incomeEUR": 0,
      "incomeUSD": 0,
      "incomeBYN": "30",
      "currency": "BYN",
      "id": 3
    },
    {
      "nameUser": "admin",
      "passsword": "123",
      "incomeEUR": "10",
      "incomeUSD": 0,
      "incomeBYN": 0,
      "currency": "EUR",
      "id": 4
    },
    {
      "nameUser": "admin",
      "passsword": "123",
      "incomeEUR": 0,
      "incomeUSD": 0,
      "incomeBYN": "50",
      "currency": "BYN",
      "id": 5
    },
    {
      "nameUser": "admin",
      "passsword": "123",
      "incomeEUR": "30",
      "incomeUSD": 0,
      "incomeBYN": 0,
      "currency": "EUR",
      "id": 6
    },
    {
      "nameUser": "admin",
      "passsword": "123",
      "incomeEUR": "0",
      "incomeUSD": 0,
      "incomeBYN": 0,
      "currency": "EUR",
      "id": 7
    },
    {
      "nameUser": "admin",
      "passsword": "123",
      "incomeEUR": "50",
      "incomeUSD": 0,
      "incomeBYN": 0,
      "currency": "EUR",
      "id": 8
    },
    {
      "nameUser": "admin",
      "passsword": "123",
      "incomeEUR": 0,
      "incomeUSD": "80",
      "incomeBYN": 0,
      "currency": "USD",
      "id": 9
    },
    {
      "nameUser": "Victor",
      "passsword": "123",
      "incomeEUR": "50",
      "incomeUSD": 0,
      "incomeBYN": 0,
      "currency": "EUR",
      "id": 10
    },
    {
      "nameUser": "Victor",
      "passsword": "123",
      "incomeEUR": "50",
      "incomeUSD": 0,
      "incomeBYN": 0,
      "currency": "EUR",
      "id": 11
    },
    {
      "nameUser": "Victor",
      "passsword": "123",
      "incomeEUR": "0",
      "incomeUSD": 0,
      "incomeBYN": 0,
      "currency": "EUR",
      "id": 12
    },
    {
      "nameUser": "Victor",
      "passsword": "123",
      "incomeEUR": "100",
      "incomeUSD": 0,
      "incomeBYN": 0,
      "currency": "EUR",
      "id": 13
    },
    {
      "nameUser": "Victor",
      "passsword": "123",
      "incomeEUR": 0,
      "incomeUSD": 0,
      "incomeBYN": "25",
      "currency": "BYN",
      "id": 14
    },
    {
      "nameUser": "Victor",
      "passsword": "123",
      "incomeEUR": "100",
      "incomeUSD": 0,
      "incomeBYN": 0,
      "currency": "EUR",
      "id": 15
    }
  ],
  "profile": {
    "nameUser": "admin",
    "passsword": "123",
    "incomeEUR": 0,
    "incomeUSD": "30",
    "incomeBYN": 0,
    "currency": "USD"
  }
}